Workbook

Sheet Guide
B1: College Outreach Campaign Tracker
B3: What it does | C3: Tracks a college outreach campaign end to end: which colleges and TPOs were contacted, by which channel, what they said, when to follow up, and how many students registered and applied.
B4: How to use | C4: 1. Add colleges on the Colleges sheet. 2. Log every call, email or WhatsApp message on Outreach Log (one row per touch). 3. Update status, students reached, registrations and applications for each college. 4. Enter daily registrations and applications on Daily Metrics. 5. Check Dashboard for the funnel, channel response rates and follow-ups due.
B5: Legend | C5: Yellow cells are inputs you type. White cells are formulas: don't overwrite them. Red 'Yes' on Colleges means a follow-up is due.
B6: Follow-up rule | C6: Colleges that are Contacted or Interested get a follow-up date 3 days after the last touch (change the gap on Dashboard).
B7: Data note | C7: All colleges, contacts and numbers here are fictional sample data for demonstration (1–14 Oct 2026). Replace them with your real campaign data.

Sheet Dashboard
B1: College Outreach Campaign: Dashboard
B3: Report date | C3: 46309 | D3: Edit the yellow cells. Everything else updates on its own.
B4: Follow-up gap (days) | C4: 3
B5: Key numbers | E5: Campaign funnel | F5: Count | H5: Channel | I5: Touches | J5: Positive | K5: Response rate
B6: Colleges in list | C6: =COUNTA(Colleges!$A$2:$A$31) -> 30 | E6: Colleges contacted | F6: =C7 -> 26 | H6: Call | I6: =COUNTIF('Outreach Log'!$C:$C,H6) -> 43 | J6: =SUMIFS('Outreach Log'!$G:$G,'Outreach Log'!$C:$C,H6) -> 23 | K6: =IF(I6=0,0,J6/I6) -> 0.53488372
B7: Colleges contacted | C7: =COUNTIF(Colleges!$G$2:$G$31,"<>Not contacted") -> 26 | E7: Colleges interested or onboarded | F7: =COUNTIF(Colleges!$G$2:$G$31,"Interested")+C8 -> 17 | H7: Email | I7: =COUNTIF('Outreach Log'!$C:$C,H7) -> 26 | J7: =SUMIFS('Outreach Log'!$G:$G,'Outreach Log'!$C:$C,H7) -> 10 | K7: =IF(I7=0,0,J7/I7) -> 0.38461538
B8: Colleges onboarded | C8: =COUNTIF(Colleges!$G$2:$G$31,"Onboarded") -> 8 | E8: Colleges onboarded | F8: =C8 -> 8 | H8: WhatsApp | I8: =COUNTIF('Outreach Log'!$C:$C,H8) -> 34 | J8: =SUMIFS('Outreach Log'!$G:$G,'Outreach Log'!$C:$C,H8) -> 20 | K8: =IF(I8=0,0,J8/I8) -> 0.58823529
B9: Total outreach touches | C9: ='Daily Metrics'!E16 -> 103
B10: Positive response rate | C10: ='Daily Metrics'!G16 -> 0.51456311 | E10: College status | F10: Colleges | H10: City | I10: Onboarded | J10: Registrations
B11: Students reached | C11: =SUM(Colleges!$H$2:$H$31) -> 4308 | E11: Not contacted | F11: =COUNTIF(Colleges!$G$2:$G$31,E11) -> 4 | H11: Delhi | I11: =COUNTIFS(Colleges!$C:$C,H11,Colleges!$G:$G,"Onboarded") -> 2 | J11: =SUMIFS(Colleges!$I:$I,Colleges!$C:$C,H11) -> 250
B12: Registrations | C12: =SUM(Colleges!$I$2:$I$31) -> 908 | E12: Contacted | F12: =COUNTIF(Colleges!$G$2:$G$31,E12) -> 7 | H12: Noida | I12: =COUNTIFS(Colleges!$C:$C,H12,Colleges!$G:$G,"Onboarded") -> 1 | J12: =SUMIFS(Colleges!$I:$I,Colleges!$C:$C,H12) -> 76
B13: Applications | C13: =SUM(Colleges!$J$2:$J$31) -> 370 | E13: Interested | F13: =COUNTIF(Colleges!$G$2:$G$31,E13) -> 9 | H13: Gurugram | I13: =COUNTIFS(Colleges!$C:$C,H13,Colleges!$G:$G,"Onboarded") -> 2 | J13: =SUMIFS(Colleges!$I:$I,Colleges!$C:$C,H13) -> 152
B14: Registration rate (of reached) | C14: =IF(C11=0,0,C12/C11) -> 0.21077066 | E14: Onboarded | F14: =COUNTIF(Colleges!$G$2:$G$31,E14) -> 8 | H14: Ghaziabad | I14: =COUNTIFS(Colleges!$C:$C,H14,Colleges!$G:$G,"Onboarded") -> 2 | J14: =SUMIFS(Colleges!$I:$I,Colleges!$C:$C,H14) -> 276
B15: Application rate (of registered) | C15: =IF(C12=0,0,C13/C12) -> 0.40748899 | E15: Not interested | F15: =COUNTIF(Colleges!$G$2:$G$31,E15) -> 2 | H15: Faridabad | I15: =COUNTIFS(Colleges!$C:$C,H15,Colleges!$G:$G,"Onboarded") -> 1 | J15: =SUMIFS(Colleges!$I:$I,Colleges!$C:$C,H15) -> 146
B16: Follow-ups due now | C16: =COUNTIF(Colleges!$N$2:$N$31,"Yes") -> 6 | H16: Greater Noida | I16: =COUNTIFS(Colleges!$C:$C,H16,Colleges!$G:$G,"Onboarded") -> 0 | J16: =SUMIFS(Colleges!$I:$I,Colleges!$C:$C,H16) -> 8

Sheet Colleges
A1: College ID | B1: College | C1: City | D1: Type | E1: TPO (contact) | F1: Preferred channel | G1: Status | H1: Students reached | I1: Registrations | J1: Applications | K1: Touches logged | L1: Last contact | M1: Next follow-up | N1: Follow-up due?
A2: C001 | B2: Northgate College of Arts & Science | C2: Noida | D2: Arts & Science | E2: Sanjay Sharma (sample) | F2: Call | G2: Contacted | H2: 0 | I2: 0 | J2: 0 | K2: =COUNTIF('Outreach Log'!$B:$B,A2) -> 9 | L2: =IF(K2=0,"",_xlfn.MAXIFS('Outreach Log'!$A:$A,'Outreach Log'!$B:$B,A2)) -> 46309 | M2: =IF(OR(G2="Onboarded",G2="Not interested",L2=""),"",L2+Dashboard!$C$4) -> 46312 | N2: =IF(M2="","",IF(M2<=Dashboard!$C$3,"Yes","No")) -> No
A3: C002 | B3: Riverside Institute of Technology | C3: Gurugram | D3: Engineering | E3: Kavita Sharma (sample) | F3: WhatsApp | G3: Interested | H3: 58 | I3: 4 | J3: 1 | K3: =COUNTIF('Outreach Log'!$B:$B,A3) -> 1 | L3: =IF(K3=0,"",_xlfn.MAXIFS('Outreach Log'!$A:$A,'Outreach Log'!$B:$B,A3)) -> 46304 | M3: =IF(OR(G3="Onboarded",G3="Not interested",L3=""),"",L3+Dashboard!$C$4) -> 46307 | N3: =IF(M3="","",IF(M3<=Dashboard!$C$3,"Yes","No")) -> Yes
A4: C003 | B4: Sunrise Institute of Technology | C4: Delhi | D4: Engineering | E4: Sanjay Arora (sample) | F4: Call | G4: Onboarded | H4: 234 | I4: 64 | J4: 22 | K4: =COUNTIF('Outreach Log'!$B:$B,A4) -> 3 | L4: =IF(K4=0,"",_xlfn.MAXIFS('Outreach Log'!$A:$A,'Outreach Log'!$B:$B,A4)) -> 46303 | M4: =IF(OR(G4="Onboarded",G4="Not interested",L4=""),"",L4+Dashboard!$C$4) | N4: =IF(M4="","",IF(M4<=Dashboard!$C$3,"Yes","No"))
A5: C004 | B5: Lakeview Institute of Technology | C5: Faridabad | D5: Engineering | E5: Sanjay Sharma (sample) | F5: WhatsApp | G5: Contacted | H5: 0 | I5: 0 | J5: 0 | K5: =COUNTIF('Outreach Log'!$B:$B,A5) -> 2 | L5: =IF(K5=0,"",_xlfn.MAXIFS('Outreach Log'!$A:$A,'Outreach Log'!$B:$B,A5)) -> 46305 | M5: =IF(OR(G5="Onboarded",G5="Not interested",L5=""),"",L5+Dashboard!$C$4) -> 46308 | N5: =IF(M5="","",IF(M5<=Dashboard!$C$3,"Yes","No")) -> Yes
A6: C005 | B6: Greenfield School of Management | C6: Greater Noida | D6: Management | E6: Amit Bansal (sample) | F6: Call | G6: Interested | H6: 112 | I6: 8 | J6: 2 | K6: =COUNTIF('Outreach Log'!$B:$B,A6) -> 4 | L6: =IF(K6=0,"",_xlfn.MAXIFS('Outreach Log'!$A:$A,'Outreach Log'!$B:$B,A6)) -> 46303 | M6: =IF(OR(G6="Onboarded",G6="Not interested",L6=""),"",L6+Dashboard!$C$4) -> 46306 | N6: =IF(M6="","",IF(M6<=Dashboard!$C$3,"Yes","No")) -> Yes
A7: C006 | B7: Crescent College of Commerce | C7: Delhi | D7: Commerce | E7: Meena Sharma (sample) | F7: WhatsApp | G7: Contacted | H7: 0 | I7: 0 | J7: 0 | K7: =COUNTIF('Outreach Log'!$B:$B,A7) -> 2 | L7: =IF(K7=0,"",_xlfn.MAXIFS('Outreach Log'!$A:$A,'Outreach Log'!$B:$B,A7)) -> 46307 | M7: =IF(OR(G7="Onboarded",G7="Not interested",L7=""),"",L7+Dashboard!$C$4) -> 46310 | N7: =IF(M7="","",IF(M7<=Dashboard!$C$3,"Yes","No")) -> No
A8: C007 | B8: Silver Oak School of Management | C8: Gurugram | D8: Management | E8: Sanjay Gupta (sample) | F8: WhatsApp | G8: Onboarded | H8: 203 | I8: 59 | J8: 24 | K8: =COUNTIF('Outreach Log'!$B:$B,A8) -> 4 | L8: =IF(K8=0,"",_xlfn.MAXIFS('Outreach Log'!$A:$A,'Outreach Log'!$B:$B,A8)) -> 46307 | M8: =IF(OR(G8="Onboarded",G8="Not interested",L8=""),"",L8+Dashboard!$C$4) | N8: =IF(M8="","",IF(M8<=Dashboard!$C$3,"Yes","No"))
A9: C008 | B9: Maple College of Arts & Science | C9: Faridabad | D9: Arts & Science | E9: Shalini Gupta (sample) | F9: Call | G9: Contacted | H9: 0 | I9: 0 | J9: 0 | K9: =COUNTIF('Outreach Log'!$B:$B,A9) -> 3 | L9: =IF(K9=0,"",_xlfn.MAXIFS('Outreach Log'!$A:$A,'Outreach Log'!$B:$B,A9)) -> 46305 | M9: =IF(OR(G9="Onboarded",G9="Not interested",L9=""),"",L9+Dashboard!$C$4) -> 46308 | N9: =IF(M9="","",IF(M9<=Dashboard!$C$3,"Yes","No")) -> Yes
A10: C009 | B10: Horizon School of Management | C10: Gurugram | D10: Management | E10: Sunita Malhotra (sample) | F10: WhatsApp | G10: Interested | H10: 60 | I10: 5 | J10: 1 | K10: =COUNTIF('Outreach Log'!$B:$B,A10) -> 3 | L10: =IF(K10=0,"",_xlfn.MAXIFS('Outreach Log'!$A:$A,'Outreach Log'!$B:$B,A10)) -> 46308 | M10: =IF(OR(G10="Onboarded",G10="Not interested",L10=""),"",L10+Dashboard!$C$4) -> 46311 | N10: =IF(M10="","",IF(M10<=Dashboard!$C$3,"Yes","No")) -> No
A11: C010 | B11: Pinecrest Institute of Technology | C11: Faridabad | D11: Engineering | E11: Meena Jain (sample) | F11: WhatsApp | G11: Contacted | H11: 0 | I11: 0 | J11: 0 | K11: =COUNTIF('Outreach Log'!$B:$B,A11) -> 4 | L11: =IF(K11=0,"",_xlfn.MAXIFS('Outreach Log'!$A:$A,'Outreach Log'!$B:$B,A11)) -> 46308 | M11: =IF(OR(G11="Onboarded",G11="Not interested",L11=""),"",L11+Dashboard!$C$4) -> 46311 | N11: =IF(M11="","",IF(M11<=Dashboard!$C$3,"Yes","No")) -> No
A12: C011 | B12: Westbrook College of Commerce | C12: Gurugram | D12: Commerce | E12: Neha Bansal (sample) | F12: Email | G12: Contacted | H12: 0 | I12: 0 | J12: 0 | K12: =COUNTIF('Outreach Log'!$B:$B,A12) -> 1 | L12: =IF(K12=0,"",_xlfn.MAXIFS('Outreach Log'!$A:$A,'Outreach Log'!$B:$B,A12)) -> 46307 | M12: =IF(OR(G12="Onboarded",G12="Not interested",L12=""),"",L12+Dashboard!$C$4) -> 46310 | N12: =IF(M12="","",IF(M12<=Dashboard!$C$3,"Yes","No")) -> No
A13: C012 | B13: Eastwood College of Arts & Science | C13: Noida | D13: Arts & Science | E13: Deepak Gupta (sample) | F13: WhatsApp | G13: Contacted | H13: 0 | I13: 0 | J13: 0 | K13: =COUNTIF('Outreach Log'!$B:$B,A13) -> 4 | L13: =IF(K13=0,"",_xlfn.MAXIFS('Outreach Log'!$A:$A,'Outreach Log'!$B:$B,A13)) -> 46300 | M13: =IF(OR(G13="Onboarded",G13="Not interested",L13=""),"",L13+Dashboard!$C$4) -> 46303 | N13: =IF(M13="","",IF(M13<=Dashboard!$C$3,"Yes","No")) -> Yes
... A31: C030 | B31: Neelkanth Institute of Technology | C31: Ghaziabad | D31: Engineering | E31: Manoj Malhotra (sample) | F31: Email | G31: Not contacted | H31: 0 | I31: 0 | J31: 0 | K31: =COUNTIF('Outreach Log'!$B:$B,A31) -> 0 | L31: =IF(K31=0,"",_xlfn.MAXIFS('Outreach Log'!$A:$A,'Outreach Log'!$B:$B,A31)) | M31: =IF(OR(G31="Onboarded",G31="Not interested",L31=""),"",L31+Dashboard!$C$4) | N31: =IF(M31="","",IF(M31<=Dashboard!$C$3,"Yes","No"))

Sheet Outreach Log
A1: Date | B1: College ID | C1: Channel | D1: Contacted | E1: Outcome | F1: College | G1: Positive?
A2: 46296 | B2: C013 | C2: Call | D2: TPO | E2: No answer | F2: =IFERROR(INDEX(Colleges!$B:$B,MATCH(B2,Colleges!$A:$A,0)),"Unknown ID") -> Bluebell School of Management | G2: =IF(OR(E2="Interested",E2="Shared with students",E2="Follow-up requested",E2="Queries resolved",E2="Registration help"),1,0) -> 0
A3: 46296 | B3: C003 | C3: WhatsApp | D3: TPO | E3: No answer | F3: =IFERROR(INDEX(Colleges!$B:$B,MATCH(B3,Colleges!$A:$A,0)),"Unknown ID") -> Sunrise Institute of Technology | G3: =IF(OR(E3="Interested",E3="Shared with students",E3="Follow-up requested",E3="Queries resolved",E3="Registration help"),1,0) -> 0
A4: 46296 | B4: C020 | C4: Call | D4: TPO | E4: No answer | F4: =IFERROR(INDEX(Colleges!$B:$B,MATCH(B4,Colleges!$A:$A,0)),"Unknown ID") -> Meadow College of Commerce | G4: =IF(OR(E4="Interested",E4="Shared with students",E4="Follow-up requested",E4="Queries resolved",E4="Registration help"),1,0) -> 0
A5: 46296 | B5: C004 | C5: WhatsApp | D5: TPO | E5: No answer | F5: =IFERROR(INDEX(Colleges!$B:$B,MATCH(B5,Colleges!$A:$A,0)),"Unknown ID") -> Lakeview Institute of Technology | G5: =IF(OR(E5="Interested",E5="Shared with students",E5="Follow-up requested",E5="Queries resolved",E5="Registration help"),1,0) -> 0
A6: 46296 | B6: C007 | C6: Email | D6: TPO | E6: Asked to email | F6: =IFERROR(INDEX(Colleges!$B:$B,MATCH(B6,Colleges!$A:$A,0)),"Unknown ID") -> Silver Oak School of Management | G6: =IF(OR(E6="Interested",E6="Shared with students",E6="Follow-up requested",E6="Queries resolved",E6="Registration help"),1,0) -> 0
A7: 46296 | B7: C012 | C7: Email | D7: TPO | E7: No answer | F7: =IFERROR(INDEX(Colleges!$B:$B,MATCH(B7,Colleges!$A:$A,0)),"Unknown ID") -> Eastwood College of Arts & Science | G7: =IF(OR(E7="Interested",E7="Shared with students",E7="Follow-up requested",E7="Queries resolved",E7="Registration help"),1,0) -> 0
A8: 46296 | B8: C016 | C8: WhatsApp | D8: TPO | E8: Interested | F8: =IFERROR(INDEX(Colleges!$B:$B,MATCH(B8,Colleges!$A:$A,0)),"Unknown ID") -> Oakridge College of Commerce | G8: =IF(OR(E8="Interested",E8="Shared with students",E8="Follow-up requested",E8="Queries resolved",E8="Registration help"),1,0) -> 1
A9: 46296 | B9: C003 | C9: Call | D9: TPO | E9: Shared with students | F9: =IFERROR(INDEX(Colleges!$B:$B,MATCH(B9,Colleges!$A:$A,0)),"Unknown ID") -> Sunrise Institute of Technology | G9: =IF(OR(E9="Interested",E9="Shared with students",E9="Follow-up requested",E9="Queries resolved",E9="Registration help"),1,0) -> 1
A10: 46296 | B10: C016 | C10: WhatsApp | D10: TPO | E10: No answer | F10: =IFERROR(INDEX(Colleges!$B:$B,MATCH(B10,Colleges!$A:$A,0)),"Unknown ID") -> Oakridge College of Commerce | G10: =IF(OR(E10="Interested",E10="Shared with students",E10="Follow-up requested",E10="Queries resolved",E10="Registration help"),1,0) -> 0
A11: 46297 | B11: C012 | C11: Call | D11: TPO | E11: No answer | F11: =IFERROR(INDEX(Colleges!$B:$B,MATCH(B11,Colleges!$A:$A,0)),"Unknown ID") -> Eastwood College of Arts & Science | G11: =IF(OR(E11="Interested",E11="Shared with students",E11="Follow-up requested",E11="Queries resolved",E11="Registration help"),1,0) -> 0
A12: 46297 | B12: C017 | C12: Call | D12: TPO | E12: No answer | F12: =IFERROR(INDEX(Colleges!$B:$B,MATCH(B12,Colleges!$A:$A,0)),"Unknown ID") -> Brightwater College of Arts & Science | G12: =IF(OR(E12="Interested",E12="Shared with students",E12="Follow-up requested",E12="Queries resolved",E12="Registration help"),1,0) -> 0
A13: 46297 | B13: C009 | C13: Email | D13: Student group | E13: Queries resolved | F13: =IFERROR(INDEX(Colleges!$B:$B,MATCH(B13,Colleges!$A:$A,0)),"Unknown ID") -> Horizon School of Management | G13: =IF(OR(E13="Interested",E13="Shared with students",E13="Follow-up requested",E13="Queries resolved",E13="Registration help"),1,0) -> 1
... A104: 46309 | B104: C015 | C104: Email | D104: TPO | E104: Interested | F104: =IFERROR(INDEX(Colleges!$B:$B,MATCH(B104,Colleges!$A:$A,0)),"Unknown ID") -> Kingsway Institute of Technology | G104: =IF(OR(E104="Interested",E104="Shared with students",E104="Follow-up requested",E104="Queries resolved",E104="Registration help"),1,0) -> 1

Sheet Daily Metrics
A1: Date | B1: Calls | C1: Emails | D1: WhatsApp | E1: Total touches | F1: Positive responses | G1: Response rate | H1: New registrations | I1: New applications
A2: 46296 | B2: =COUNTIFS('Outreach Log'!$A:$A,A2,'Outreach Log'!$C:$C,"Call") -> 3 | C2: =COUNTIFS('Outreach Log'!$A:$A,A2,'Outreach Log'!$C:$C,"Email") -> 2 | D2: =COUNTIFS('Outreach Log'!$A:$A,A2,'Outreach Log'!$C:$C,"WhatsApp") -> 4 | E2: =SUM(B2:D2) -> 9 | F2: =SUMIFS('Outreach Log'!$G:$G,'Outreach Log'!$A:$A,A2) -> 2 | G2: =IF(E2=0,0,F2/E2) -> 0.22222222 | H2: 63 | I2: 23
A3: 46297 | B3: =COUNTIFS('Outreach Log'!$A:$A,A3,'Outreach Log'!$C:$C,"Call") -> 5 | C3: =COUNTIFS('Outreach Log'!$A:$A,A3,'Outreach Log'!$C:$C,"Email") -> 2 | D3: =COUNTIFS('Outreach Log'!$A:$A,A3,'Outreach Log'!$C:$C,"WhatsApp") -> 3 | E3: =SUM(B3:D3) -> 10 | F3: =SUMIFS('Outreach Log'!$G:$G,'Outreach Log'!$A:$A,A3) -> 3 | G3: =IF(E3=0,0,F3/E3) -> 0.3 | H3: 44 | I3: 14
A4: 46298 | B4: =COUNTIFS('Outreach Log'!$A:$A,A4,'Outreach Log'!$C:$C,"Call") -> 3 | C4: =COUNTIFS('Outreach Log'!$A:$A,A4,'Outreach Log'!$C:$C,"Email") -> 2 | D4: =COUNTIFS('Outreach Log'!$A:$A,A4,'Outreach Log'!$C:$C,"WhatsApp") -> 2 | E4: =SUM(B4:D4) -> 7 | F4: =SUMIFS('Outreach Log'!$G:$G,'Outreach Log'!$A:$A,A4) -> 4 | G4: =IF(E4=0,0,F4/E4) -> 0.57142857 | H4: 35 | I4: 15
A5: 46299 | B5: =COUNTIFS('Outreach Log'!$A:$A,A5,'Outreach Log'!$C:$C,"Call") -> 0 | C5: =COUNTIFS('Outreach Log'!$A:$A,A5,'Outreach Log'!$C:$C,"Email") -> 0 | D5: =COUNTIFS('Outreach Log'!$A:$A,A5,'Outreach Log'!$C:$C,"WhatsApp") -> 0 | E5: =SUM(B5:D5) -> 0 | F5: =SUMIFS('Outreach Log'!$G:$G,'Outreach Log'!$A:$A,A5) -> 0 | G5: =IF(E5=0,0,F5/E5) -> 0 | H5: 0 | I5: 0
A6: 46300 | B6: =COUNTIFS('Outreach Log'!$A:$A,A6,'Outreach Log'!$C:$C,"Call") -> 3 | C6: =COUNTIFS('Outreach Log'!$A:$A,A6,'Outreach Log'!$C:$C,"Email") -> 1 | D6: =COUNTIFS('Outreach Log'!$A:$A,A6,'Outreach Log'!$C:$C,"WhatsApp") -> 3 | E6: =SUM(B6:D6) -> 7 | F6: =SUMIFS('Outreach Log'!$G:$G,'Outreach Log'!$A:$A,A6) -> 2 | G6: =IF(E6=0,0,F6/E6) -> 0.28571429 | H6: 49 | I6: 17
A7: 46301 | B7: =COUNTIFS('Outreach Log'!$A:$A,A7,'Outreach Log'!$C:$C,"Call") -> 3 | C7: =COUNTIFS('Outreach Log'!$A:$A,A7,'Outreach Log'!$C:$C,"Email") -> 2 | D7: =COUNTIFS('Outreach Log'!$A:$A,A7,'Outreach Log'!$C:$C,"WhatsApp") -> 1 | E7: =SUM(B7:D7) -> 6 | F7: =SUMIFS('Outreach Log'!$G:$G,'Outreach Log'!$A:$A,A7) -> 4 | G7: =IF(E7=0,0,F7/E7) -> 0.66666667 | H7: 39 | I7: 14
A8: 46302 | B8: =COUNTIFS('Outreach Log'!$A:$A,A8,'Outreach Log'!$C:$C,"Call") -> 4 | C8: =COUNTIFS('Outreach Log'!$A:$A,A8,'Outreach Log'!$C:$C,"Email") -> 2 | D8: =COUNTIFS('Outreach Log'!$A:$A,A8,'Outreach Log'!$C:$C,"WhatsApp") -> 3 | E8: =SUM(B8:D8) -> 9 | F8: =SUMIFS('Outreach Log'!$G:$G,'Outreach Log'!$A:$A,A8) -> 5 | G8: =IF(E8=0,0,F8/E8) -> 0.55555556 | H8: 94 | I8: 39
A9: 46303 | B9: =COUNTIFS('Outreach Log'!$A:$A,A9,'Outreach Log'!$C:$C,"Call") -> 3 | C9: =COUNTIFS('Outreach Log'!$A:$A,A9,'Outreach Log'!$C:$C,"Email") -> 1 | D9: =COUNTIFS('Outreach Log'!$A:$A,A9,'Outreach Log'!$C:$C,"WhatsApp") -> 3 | E9: =SUM(B9:D9) -> 7 | F9: =SUMIFS('Outreach Log'!$G:$G,'Outreach Log'!$A:$A,A9) -> 5 | G9: =IF(E9=0,0,F9/E9) -> 0.71428571 | H9: 66 | I9: 32
A10: 46304 | B10: =COUNTIFS('Outreach Log'!$A:$A,A10,'Outreach Log'!$C:$C,"Call") -> 3 | C10: =COUNTIFS('Outreach Log'!$A:$A,A10,'Outreach Log'!$C:$C,"Email") -> 1 | D10: =COUNTIFS('Outreach Log'!$A:$A,A10,'Outreach Log'!$C:$C,"WhatsApp") -> 5 | E10: =SUM(B10:D10) -> 9 | F10: =SUMIFS('Outreach Log'!$G:$G,'Outreach Log'!$A:$A,A10) -> 6 | G10: =IF(E10=0,0,F10/E10) -> 0.66666667 | H10: 95 | I10: 33
A11: 46305 | B11: =COUNTIFS('Outreach Log'!$A:$A,A11,'Outreach Log'!$C:$C,"Call") -> 3 | C11: =COUNTIFS('Outreach Log'!$A:$A,A11,'Outreach Log'!$C:$C,"Email") -> 5 | D11: =COUNTIFS('Outreach Log'!$A:$A,A11,'Outreach Log'!$C:$C,"WhatsApp") -> 2 | E11: =SUM(B11:D11) -> 10 | F11: =SUMIFS('Outreach Log'!$G:$G,'Outreach Log'!$A:$A,A11) -> 6 | G11: =IF(E11=0,0,F11/E11) -> 0.6 | H11: 54 | I11: 19
A12: 46306 | B12: =COUNTIFS('Outreach Log'!$A:$A,A12,'Outreach Log'!$C:$C,"Call") -> 0 | C12: =COUNTIFS('Outreach Log'!$A:$A,A12,'Outreach Log'!$C:$C,"Email") -> 0 | D12: =COUNTIFS('Outreach Log'!$A:$A,A12,'Outreach Log'!$C:$C,"WhatsApp") -> 0 | E12: =SUM(B12:D12) -> 0 | F12: =SUMIFS('Outreach Log'!$G:$G,'Outreach Log'!$A:$A,A12) -> 0 | G12: =IF(E12=0,0,F12/E12) -> 0 | H12: 0 | I12: 0
A13: 46307 | B13: =COUNTIFS('Outreach Log'!$A:$A,A13,'Outreach Log'!$C:$C,"Call") -> 6 | C13: =COUNTIFS('Outreach Log'!$A:$A,A13,'Outreach Log'!$C:$C,"Email") -> 2 | D13: =COUNTIFS('Outreach Log'!$A:$A,A13,'Outreach Log'!$C:$C,"WhatsApp") -> 2 | E13: =SUM(B13:D13) -> 10 | F13: =SUMIFS('Outreach Log'!$G:$G,'Outreach Log'!$A:$A,A13) -> 4 | G13: =IF(E13=0,0,F13/E13) -> 0.4 | H13: 101 | I13: 36
... A15: 46309 | B15: =COUNTIFS('Outreach Log'!$A:$A,A15,'Outreach Log'!$C:$C,"Call") -> 4 | C15: =COUNTIFS('Outreach Log'!$A:$A,A15,'Outreach Log'!$C:$C,"Email") -> 3 | D15: =COUNTIFS('Outreach Log'!$A:$A,A15,'Outreach Log'!$C:$C,"WhatsApp") -> 3 | E15: =SUM(B15:D15) -> 10 | F15: =SUMIFS('Outreach Log'!$G:$G,'Outreach Log'!$A:$A,A15) -> 6 | G15: =IF(E15=0,0,F15/E15) -> 0.6 | H15: 84 | I15: 32
A16: Total | B16: =SUM(B2:B15) -> 43 | C16: =SUM(C2:C15) -> 26 | D16: =SUM(D2:D15) -> 34 | E16: =SUM(E2:E15) -> 103 | F16: =SUM(F2:F15) -> 53 | G16: =IF(E16=0,0,F16/E16) -> 0.51456311 | H16: =SUM(H2:H15) -> 796 | I16: =SUM(I2:I15) -> 299

Sheet Templates
A1: Use | B1: Message
A2: TPO: first email | B2: Subject: Career opportunities for your students – quick registration Dear [TPO name], I hope you're doing well. I'm reaching out about [initiative name], a free career programme that connects students with internships and jobs from [type of companies]. Students only need to register through this link: [link]. It takes about two minutes. Could you share it with your final- and pre-final-year students? I'm happy to send a short poster or join a quick call to answer questions. Thank you, [Your name] [Phone]
A3: TPO: phone call script | B3: 1. Introduce yourself and the initiative in one line. 2. Ask: 'Is this a good time for two minutes?' 3. Explain the benefit for students (free, quick sign-up, real openings). 4. Ask how they prefer to share it: email, WhatsApp groups or a notice. 5. Confirm next step and date; log the call outcome right after.
A4: TPO: follow-up (after 3 days) | B4: Dear [TPO name], just following up on my note about [initiative name]. Registrations close on [date]. I've attached a ready-to-share poster for your students. Please let me know if anything is unclear.
A5: Students: WhatsApp group message | B5: Hi everyone! [Initiative name] is open for registrations. Free to join, with internship and job openings from [companies]. Register in 2 minutes: [link]. Last date: [date]. Message me here if you get stuck.
A6: Students: registration reminder | B6: Reminder: [initiative name] registrations close on [date]. If you've registered, don't forget to apply to openings that match you: [link].
